﻿<?xml version="1.0" encoding="utf-8"?>
<abapGit version="v1.0.0" serializer="LCL_OBJECT_ENHO" serializer_version="v1.0.0">
 <asx:abap xmlns:asx="http://www.sap.com/abapxml" version="1.0">
  <asx:values>
   <TOOL>HOOK_IMPL</TOOL>
   <SHORTTEXT>[감자의 ABAP 레시지]</SHORTTEXT>
   <ORIGINAL_OBJECT>
    <PGMID>R3TR</PGMID>
    <ORG_OBJ_TYPE>FUGR</ORG_OBJ_TYPE>
    <ORG_OBJ_NAME>SAPBC_BAPI_SCUSTOMER</ORG_OBJ_NAME>
    <ORG_MAIN_TYPE>FUGR</ORG_MAIN_TYPE>
    <ORG_MAIN_NAME>SAPBC_BAPI_SCUSTOMER</ORG_MAIN_NAME>
    <PROGRAMNAME>SAPLSAPBC_BAPI_SCUSTOMER</PROGRAMNAME>
   </ORIGINAL_OBJECT>
   <ENHANCEMENTS>
    <ENH_HOOK_IMPL>
     <PROGRAMNAME>SAPLSAPBC_BAPI_SCUSTOMER</PROGRAMNAME>
     <ENHMODE>S</ENHMODE>
     <FULL_NAME>\FU:BAPI_FLCUST_CREATEFROMDATA\SE:END\EI</FULL_NAME>
    </ENH_HOOK_IMPL>
   </ENHANCEMENTS>
   <FILES>
    <item>
     <NAME>\FU:BAPI_FLCUST_CREATEFROMDATA\SE:END\EI</NAME>
     <FILE>9a129e69</FILE>
    </item>
   </FILES>
   <SOTR>
    <item>
     <HEADER>
      <CONCEPT>681DEF3684DD1FE09E881E7BAC730837</CONCEPT>
      <CREA_LAN>E</CREA_LAN>
      <TRALA_TYPE>1</TRALA_TYPE>
      <OBJID_VEC>AAI=</OBJID_VEC>
     </HEADER>
     <ENTRIES>
      <SOTR_TEXT>
       <CONCEPT>681DEF3684DD1FE09E881E7BAC730837</CONCEPT>
       <LANGU>3</LANGU>
       <LFD_NUM>0001</LFD_NUM>
       <FLAG_CNTXT>X</FLAG_CNTXT>
       <STATUS>R</STATUS>
       <LENGTH>024</LENGTH>
       <TEXT>[감자의 ABAP 레시지]</TEXT>
      </SOTR_TEXT>
      <SOTR_TEXT>
       <CONCEPT>681DEF3684DD1FE09E881E7BAC730837</CONCEPT>
       <LANGU>E</LANGU>
       <LFD_NUM>0001</LFD_NUM>
       <FLAG_CNTXT>X</FLAG_CNTXT>
       <STATUS>R</STATUS>
       <LENGTH>024</LENGTH>
       <TEXT>[감자의 ABAP 레시지]</TEXT>
      </SOTR_TEXT>
     </ENTRIES>
    </item>
   </SOTR>
   <SOTR_USE>
    <SOTR_USE>
     <PGMID>R3TR</PGMID>
     <OBJECT>ENHO</OBJECT>
     <OBJ_NAME>YGJ_ENH_EMAIL_UPDATE</OBJ_NAME>
     <CONCEPT>681DEF3684DD1FE09E881E7BAC730837</CONCEPT>
     <LFD_NUM>0001</LFD_NUM>
    </SOTR_USE>
   </SOTR_USE>
  </asx:values>
 </asx:abap>
</abapGit>
