﻿<?xml version="1.0" encoding="utf-8"?>
<abapGit version="v1.0.0" serializer="LCL_OBJECT_INTF" serializer_version="v1.0.0">
 <asx:abap xmlns:asx="http://www.sap.com/abapxml" version="1.0">
  <asx:values>
   <VSEOINTERF>
    <CLSNAME>YIF_EX_BAPIEXT_SCUSTOMER</CLSNAME>
    <LANGU>E</LANGU>
    <DESCRIPT>BAdI Interface IF_EX_BAPIEXT_SCUSTOMER</DESCRIPT>
    <CATEGORY>01</CATEGORY>
    <EXPOSURE>2</EXPOSURE>
    <STATE>1</STATE>
    <UNICODE>X</UNICODE>
   </VSEOINTERF>
   <DESCRIPTIONS_INTERFACE>
    <SEOCLASSTX>
     <LANGU>3</LANGU>
     <DESCRIPT>BAdI Interface IF_EX_BAPIEXT_SCUSTOMER</DESCRIPT>
    </SEOCLASSTX>
   </DESCRIPTIONS_INTERFACE>
   <DESCRIPTIONS>
    <SEOCOMPOTX>
     <CMPNAME>CREATEFROMDATA_EXIT1</CMPNAME>
     <LANGU>3</LANGU>
     <DESCRIPT>Exit1 for BAPI CreateFromData</DESCRIPT>
    </SEOCOMPOTX>
    <SEOCOMPOTX>
     <CMPNAME>CREATEFROMDATA_EXIT1</CMPNAME>
     <LANGU>E</LANGU>
     <DESCRIPT>Exit1 for BAPI CreateFromData</DESCRIPT>
    </SEOCOMPOTX>
    <SEOCOMPOTX>
     <CMPNAME>CREATEFROMDATA_EXIT2</CMPNAME>
     <LANGU>3</LANGU>
     <DESCRIPT>Exit2 for BAPI CreateFromData</DESCRIPT>
    </SEOCOMPOTX>
    <SEOCOMPOTX>
     <CMPNAME>CREATEFROMDATA_EXIT2</CMPNAME>
     <LANGU>E</LANGU>
     <DESCRIPT>Exit2 for BAPI CreateFromData</DESCRIPT>
    </SEOCOMPOTX>
    <SEOCOMPOTX>
     <CMPNAME>UPDATE_EMAIL_EXIT3</CMPNAME>
     <LANGU>3</LANGU>
     <DESCRIPT>[감자의 ABAP 레시피] Exit3 for BAPI Update Email</DESCRIPT>
    </SEOCOMPOTX>
    <SEOCOMPOTX>
     <CMPNAME>UPDATE_EMAIL_EXIT3</CMPNAME>
     <LANGU>E</LANGU>
     <DESCRIPT> [감자의 ABAP 레시피] Exit3 for BAPI Update Emai</DESCRIPT>
    </SEOCOMPOTX>
   </DESCRIPTIONS>
   <DESCRIPTIONS_SUB>
    <SEOSUBCOTX>
     <CMPNAME>CREATEFROMDATA_EXIT1</CMPNAME>
     <SCONAME>CUSTOMER_DATA</SCONAME>
     <LANGU>3</LANGU>
     <DESCRIPT>Customer data</DESCRIPT>
    </SEOSUBCOTX>
    <SEOSUBCOTX>
     <CMPNAME>CREATEFROMDATA_EXIT1</CMPNAME>
     <SCONAME>CUSTOMER_DATA</SCONAME>
     <LANGU>E</LANGU>
     <DESCRIPT>Customer data</DESCRIPT>
    </SEOSUBCOTX>
    <SEOSUBCOTX>
     <CMPNAME>CREATEFROMDATA_EXIT1</CMPNAME>
     <SCONAME>EXTENSION_IN</SCONAME>
     <LANGU>3</LANGU>
     <DESCRIPT>Return Messages</DESCRIPT>
    </SEOSUBCOTX>
    <SEOSUBCOTX>
     <CMPNAME>CREATEFROMDATA_EXIT1</CMPNAME>
     <SCONAME>EXTENSION_IN</SCONAME>
     <LANGU>E</LANGU>
     <DESCRIPT>Return Messages</DESCRIPT>
    </SEOSUBCOTX>
    <SEOSUBCOTX>
     <CMPNAME>CREATEFROMDATA_EXIT1</CMPNAME>
     <SCONAME>RETURN</SCONAME>
     <LANGU>3</LANGU>
     <DESCRIPT>Return Messages</DESCRIPT>
    </SEOSUBCOTX>
    <SEOSUBCOTX>
     <CMPNAME>CREATEFROMDATA_EXIT1</CMPNAME>
     <SCONAME>RETURN</SCONAME>
     <LANGU>E</LANGU>
     <DESCRIPT>Return Messages</DESCRIPT>
    </SEOSUBCOTX>
    <SEOSUBCOTX>
     <CMPNAME>CREATEFROMDATA_EXIT1</CMPNAME>
     <SCONAME>TEST_RUN</SCONAME>
     <LANGU>3</LANGU>
     <DESCRIPT>Switch to simulation mode</DESCRIPT>
    </SEOSUBCOTX>
    <SEOSUBCOTX>
     <CMPNAME>CREATEFROMDATA_EXIT1</CMPNAME>
     <SCONAME>TEST_RUN</SCONAME>
     <LANGU>E</LANGU>
     <DESCRIPT>Switch to simulation mode</DESCRIPT>
    </SEOSUBCOTX>
    <SEOSUBCOTX>
     <CMPNAME>CREATEFROMDATA_EXIT2</CMPNAME>
     <SCONAME>CUSTOMER_DATA</SCONAME>
     <LANGU>3</LANGU>
     <DESCRIPT>Customer data</DESCRIPT>
    </SEOSUBCOTX>
    <SEOSUBCOTX>
     <CMPNAME>CREATEFROMDATA_EXIT2</CMPNAME>
     <SCONAME>CUSTOMER_DATA</SCONAME>
     <LANGU>E</LANGU>
     <DESCRIPT>Customer data</DESCRIPT>
    </SEOSUBCOTX>
    <SEOSUBCOTX>
     <CMPNAME>CREATEFROMDATA_EXIT2</CMPNAME>
     <SCONAME>EXTENSION_IN</SCONAME>
     <LANGU>3</LANGU>
     <DESCRIPT>Return Messages</DESCRIPT>
    </SEOSUBCOTX>
    <SEOSUBCOTX>
     <CMPNAME>CREATEFROMDATA_EXIT2</CMPNAME>
     <SCONAME>EXTENSION_IN</SCONAME>
     <LANGU>E</LANGU>
     <DESCRIPT>Return Messages</DESCRIPT>
    </SEOSUBCOTX>
    <SEOSUBCOTX>
     <CMPNAME>CREATEFROMDATA_EXIT2</CMPNAME>
     <SCONAME>RETURN</SCONAME>
     <LANGU>3</LANGU>
     <DESCRIPT>Return Messages</DESCRIPT>
    </SEOSUBCOTX>
    <SEOSUBCOTX>
     <CMPNAME>CREATEFROMDATA_EXIT2</CMPNAME>
     <SCONAME>RETURN</SCONAME>
     <LANGU>E</LANGU>
     <DESCRIPT>Return Messages</DESCRIPT>
    </SEOSUBCOTX>
    <SEOSUBCOTX>
     <CMPNAME>CREATEFROMDATA_EXIT2</CMPNAME>
     <SCONAME>TEST_RUN</SCONAME>
     <LANGU>3</LANGU>
     <DESCRIPT>Switch to simulation mode</DESCRIPT>
    </SEOSUBCOTX>
    <SEOSUBCOTX>
     <CMPNAME>CREATEFROMDATA_EXIT2</CMPNAME>
     <SCONAME>TEST_RUN</SCONAME>
     <LANGU>E</LANGU>
     <DESCRIPT>Switch to simulation mode</DESCRIPT>
    </SEOSUBCOTX>
    <SEOSUBCOTX>
     <CMPNAME>UPDATE_EMAIL_EXIT3</CMPNAME>
     <SCONAME>EXTENSION_IN</SCONAME>
     <LANGU>3</LANGU>
     <DESCRIPT>BAPI 매개변수 ExtensionIn/ExtensionOut에 대한 참조 구조</DESCRIPT>
    </SEOSUBCOTX>
    <SEOSUBCOTX>
     <CMPNAME>UPDATE_EMAIL_EXIT3</CMPNAME>
     <SCONAME>EXTENSION_IN</SCONAME>
     <LANGU>E</LANGU>
     <DESCRIPT>BAPI 매개변수 ExtensionIn/ExtensionOut에 대한 참조 구조</DESCRIPT>
    </SEOSUBCOTX>
    <SEOSUBCOTX>
     <CMPNAME>UPDATE_EMAIL_EXIT3</CMPNAME>
     <SCONAME>I_CUSTOMERNUMBER</SCONAME>
     <LANGU>3</LANGU>
     <DESCRIPT>BAPI Structure for FlightCustomer BO - New Customer Data</DESCRIPT>
    </SEOSUBCOTX>
    <SEOSUBCOTX>
     <CMPNAME>UPDATE_EMAIL_EXIT3</CMPNAME>
     <SCONAME>I_CUSTOMERNUMBER</SCONAME>
     <LANGU>E</LANGU>
     <DESCRIPT>BAPI Structure for FlightCustomer BO - New Customer Data</DESCRIPT>
    </SEOSUBCOTX>
   </DESCRIPTIONS_SUB>
  </asx:values>
 </asx:abap>
</abapGit>
